{"cameraMode":{"drawMode":0,"name":"Shaded","section":"Shading Mode"},"sceneLighting":false,"audioPlay":false,"sceneViewState":{"showFog":true,"showMaterialUpdate":false,"showSkybox":false,"showFlares":true,"showImageEffects":true,"showParticleSystems":true},"in2DMode":false,"pivot":{"x":-31.194046020507814,"y":3.3600001335144045,"z":7.119589805603027},"rotation":{"x":0.01794830895960331,"y":0.7100494503974915,"z":-0.018110046163201333,"w":0.7036880254745483},"size":7.071067810058594,"orthographic":true}