{"cameraMode":{"drawMode":0,"name":"Shaded","section":"Shading Mode"},"sceneLighting":false,"audioPlay":false,"sceneViewState":{"showFog":true,"showMaterialUpdate":false,"showSkybox":false,"showFlares":true,"showImageEffects":true,"showParticleSystems":true},"in2DMode":false,"pivot":{"x":-3.9600000381469728,"y":1.0700006484985352,"z":8.210000038146973},"rotation":{"x":0.01794830895960331,"y":0.7100494503974915,"z":-0.018110046163201333,"w":0.7036880254745483},"size":22.13561248779297,"orthographic":true}