{"cameraMode":{"drawMode":0,"name":"Shaded","section":"Shading Mode"},"sceneLighting":false,"audioPlay":false,"sceneViewState":{"showFog":true,"showMaterialUpdate":false,"showSkybox":false,"showFlares":true,"showImageEffects":true,"showParticleSystems":true},"in2DMode":false,"pivot":{"x":-5.259247303009033,"y":4.5883636474609379,"z":-0.11464214324951172},"rotation":{"x":0.01794830895960331,"y":0.7100494503974915,"z":-0.018110046163201333,"w":0.7036880254745483},"size":10.410440444946289,"orthographic":true}