{"cameraMode":{"drawMode":0,"name":"Shaded","section":"Shading Mode"},"sceneLighting":false,"audioPlay":false,"sceneViewState":{"showFog":true,"showMaterialUpdate":false,"showSkybox":false,"showFlares":true,"showImageEffects":true,"showParticleSystems":true},"in2DMode":false,"pivot":{"x":-1.541015625,"y":3.5880126953125,"z":8.85107421875},"rotation":{"x":0.04808511584997177,"y":-0.5678722262382507,"z":0.033259209245443347,"w":0.8210360407829285},"size":5.124456882476807,"orthographic":true}