{"cameraMode":{"drawMode":0,"name":"Shaded","section":"Shading Mode"},"sceneLighting":false,"audioPlay":false,"sceneViewState":{"showFog":true,"showMaterialUpdate":false,"showSkybox":false,"showFlares":true,"showImageEffects":true,"showParticleSystems":true},"in2DMode":false,"pivot":{"x":-22.202999114990236,"y":3.4600000381469728,"z":10.444772720336914},"rotation":{"x":0.01794830895960331,"y":0.7100494503974915,"z":-0.018110046163201333,"w":0.7036880254745483},"size":15.260679244995118,"orthographic":true}