{"cameraMode":{"drawMode":0,"name":"Shaded","section":"Shading Mode"},"sceneLighting":true,"audioPlay":false,"sceneViewState":{"showFog":true,"showMaterialUpdate":false,"showSkybox":true,"showFlares":true,"showImageEffects":true,"showParticleSystems":true},"in2DMode":false,"pivot":{"x":1.0299999713897706,"y":-2.9000000953674318,"z":-8.970000267028809},"rotation":{"x":0.013663405552506447,"y":0.7133050560951233,"z":-0.013911076821386814,"w":0.7005801200866699},"size":2.826539993286133,"orthographic":true}